<?xml version="1.0" encoding="UTF-8"?>
<beans xmlns:mvc="http://www.springframework.org/schema/mvc"
	xmlns:xsi="http://www.w3.org/2001/XMLSchema-instance"
	xmlns="http://www.springframework.org/schema/beans"
	xmlns:context="http://www.springframework.org/schema/context"
	xmlns:tx="http://www.springframework.org/schema/tx"
	xsi:schemaLocation="http://www.springframework.org/schema/mvc http://www.springframework.org/schema/mvc/spring-mvc.xsd
		http://www.springframework.org/schema/beans http://www.springframework.org/schema/beans/spring-beans.xsd
		http://www.springframework.org/schema/tx http://www.springframework.org/schema/tx/spring-tx.xsd
		http://www.springframework.org/schema/context http://www.springframework.org/schema/context/spring-context.xsd">

	<!-- DispatcherServlet Context: defines this servlet's request-processing infrastructure -->
	
	<!-- Enables the Spring MVC @Controller programming model -->
	<mvc:annotation-driven />

	<!-- Handles HTTP GET requests for /resources/** by efficiently serving up static resources in the ${webappRoot}/resources directory -->
	<mvc:resources mapping="/resources/**" location="/resources/" />

	<!-- Resolves views selected for rendering by @Controllers to .jsp resources in the /WEB-INF/views directory -->
	<bean class="org.springframework.web.servlet.view.InternalResourceViewResolver">
		<property name="prefix" value="/WEB-INF/views/" />
		<property name="suffix" value=".jsp" />
	</bean>
	
	<context:component-scan base-package="teki.clean.app.controller" />
	
    <bean id="dataSource" class="org.apache.commons.dbcp2.BasicDataSource" destroy-method="close">
        <property name="driverClassName" value="com.mysql.jdbc.Driver"/>
        <property name="url" value="jdbc:mysql://zig-test.no-ip.org:3306/tekicleandb"/>
        <property name="username" value="root"/>
        <property name="password" value=""/>
    </bean>
    
    <bean id="sessionFactory"
        class="org.springframework.orm.hibernate4.LocalSessionFactoryBean">
        <property name="dataSource" ref="dataSource" />
		<property name="configLocation" value="classpath:hibernate.cfg.xml" />
    </bean>
     
    <tx:annotation-driven />
    <bean id="transactionManager"
        class="org.springframework.orm.hibernate4.HibernateTransactionManager">
        <property name="sessionFactory" ref="sessionFactory" />
    </bean>
    
	<bean id="resourceDAO" class="teki.clean.app.dao.ResourceDAOImpl">
	    <constructor-arg>
	        <ref bean="sessionFactory" />
	    </constructor-arg>
	</bean>
	<bean id="cleanerDAO" class="teki.clean.app.dao.CleanerDAOImpl">
	    <constructor-arg>
	        <ref bean="sessionFactory" />
	    </constructor-arg>
	</bean>  
	<bean id="userDAO" class="teki.clean.app.dao.UserDAOImpl">
	    <constructor-arg>
	        <ref bean="sessionFactory" />
	    </constructor-arg>
	</bean>  
	<bean id="customerDAO" class="teki.clean.app.dao.CustomerDAOImpl">
	    <constructor-arg>
	        <ref bean="sessionFactory" />
	    </constructor-arg>
	</bean>  
	<bean id="orderDAO" class="teki.clean.app.dao.OrderDAOImpl">
	    <constructor-arg>
	        <ref bean="sessionFactory" />
	    </constructor-arg>
	</bean>
		<bean id="offerDAO" class="teki.clean.app.dao.OfferDAOImpl">
	    <constructor-arg>
	        <ref bean="sessionFactory" />
	    </constructor-arg>
	</bean>  
	<bean id="opinionDAO" class="teki.clean.app.dao.OpinionDAOImpl">
	    <constructor-arg>
	        <ref bean="sessionFactory" />
	    </constructor-arg>
	</bean>  
	<bean id="scheduleDAO" class="teki.clean.app.dao.ScheduleDAOImpl">
	    <constructor-arg>
	        <ref bean="sessionFactory" />
	    </constructor-arg>
	</bean> 
		<bean id="cleaner_resDAO" class="teki.clean.app.dao.Cleaner_resDAOImpl">
	    <constructor-arg>
	        <ref bean="sessionFactory" />
	    </constructor-arg>
	</bean> 
</beans>
