<?xml version="1.0" encoding="UTF-8"?>
<!DOCTYPE hibernate-mapping PUBLIC
        "-//Hibernate/Hibernate Mapping DTD 3.0//EN"
        "http://www.hibernate.org/dtd/hibernate-mapping-3.0.dtd">
<hibernate-mapping package="teki.clean.app.model">
	<class name="Resource" table="RESOURCES">
		<id name="resource_id" column="RESOURCE_ID">
			<generator class="native"/>
		</id>
		<property name="name" column="NAME" />
		<property name="quantity" column="QUANTITY" />
		<property name="descr" column="DESCR" />
	</class>	
</hibernate-mapping>
