<?xml version="1.0" encoding="UTF-8"?>
<beans:beans xmlns="http://www.springframework.org/schema/security"
	xmlns:beans="http://www.springframework.org/schema/beans" xmlns:xsi="http://www.w3.org/2001/XMLSchema-instance"
	xsi:schemaLocation="http://www.springframework.org/schema/beans
    http://www.springframework.org/schema/beans/spring-beans-4.0.xsd
    http://www.springframework.org/schema/security
    http://www.springframework.org/schema/security/spring-security-4.0.xsd">
    
	<http auto-config="true" use-expressions="true">
	
		<intercept-url pattern="/sec/moderation.html" access="ROLE_MODERATOR" />
		<intercept-url pattern="/admin/*" access="hasRole('ROLE_ADMIN')" />
		
		<form-login login-page="/logersik" 
		        username-parameter="username"
       			password-parameter="password" 
				default-target-url="/sukcesik"
				login-processing-url="/j_spring_security_check"
				authentication-failure-url="/error-login" />
		<logout logout-success-url="/logersik" logout-url="/j_spring_security_logout" />
		
	</http>
	<beans:bean id="customAuthenticationProvider" class="teki.clean.app.controller.CustomAuthenticationProvider"/>
<authentication-manager>
    <authentication-provider ref="customAuthenticationProvider"/>
</authentication-manager>
</beans:beans>

