<?xml version="1.0" encoding="UTF-8"?>
<!DOCTYPE hibernate-configuration PUBLIC
		"-//Hibernate/Hibernate Configuration DTD 3.0//EN"
		"http://hibernate.sourceforge.net/hibernate-configuration-3.0.dtd">
<hibernate-configuration>
    <session-factory>
        <property name="hibernate.connection.driver_class">org.gjt.mm.mysql.Driver</property>
        <property name="hibernate.connection.password">1234</property>
        <property name="hibernate.connection.url">jdbc:mysql://127.0.0.1/tekicleandb</property>
        <property name="hibernate.connection.username">root</property>
        <property name="hibernate.default_schema">tekicleandb</property>
        <property name="hibernate.dialect">org.hibernate.dialect.MySQLDialect</property>
    </session-factory>
</hibernate-configuration>
